FasciaCorsisti,RetentionMedia,NumCircoli
0,49.008397488721826,141
1-10,71.11946642325269,60
11-30,75.41571973823831,59
31-100,78.3947848367107,71
100+,74.94815692156456,17
